{
	"class_name" : "PinholeCameraParameters",
	"extrinsic" : 
	[
		0.0080463754145504111,
		0.99977138542245181,
		0.019809915021512137,
		0.0,
		-0.49325203554695563,
		0.021200995700723535,
		-0.86962805107130881,
		0.0,
		-0.86984923134499181,
		-0.0027739271384295064,
		0.49330986211179456,
		0.0,
		-60.859821330584111,
		12.360861919085208,
		26.593965719839304,
		1.0
	],
	"intrinsic" : 
	{
		"height" : 1377,
		"intrinsic_matrix" : 
		[
			1192.516981011172,
			0.0,
			0.0,
			0.0,
			1192.516981011172,
			0.0,
			1279.5,
			688.0,
			1.0
		],
		"width" : 2560
	},
	"version_major" : 1,
	"version_minor" : 0
}