{
	"class_name" : "PinholeCameraParameters",
	"extrinsic" : 
	[
		0.074614604758905329,
		0.9939352699646713,
		0.080779575864995415,
		0.0,
		-0.33787227496191624,
		-0.051016511008432623,
		0.93980830035522989,
		0.0,
		0.93822970884998713,
		-0.097416603948108749,
		0.33201659402277733,
		0.0,
		39.784380853299709,
		5.1259959592808508,
		63.858169565120164,
		1.0
	],
	"intrinsic" : 
	{
		"height" : 1377,
		"intrinsic_matrix" : 
		[
			1192.516981011172,
			0.0,
			0.0,
			0.0,
			1192.516981011172,
			0.0,
			1279.5,
			688.0,
			1.0
		],
		"width" : 2560
	},
	"version_major" : 1,
	"version_minor" : 0
}