{
	"class_name" : "PinholeCameraParameters",
	"extrinsic" : 
	[
		0.70185967500093382,
		0.53685789950697471,
		-0.46816299762427044,
		0.0,
		0.71216664629964543,
		-0.51544356760134591,
		0.47658849809527781,
		0.0,
		0.01454869430222025,
		-0.66790832032200032,
		-0.74410134466935673,
		0.0,
		28.289666170695519,
		-52.753369797147379,
		48.692176508554525,
		1.0
	],
	"intrinsic" : 
	{
		"height" : 1336,
		"intrinsic_matrix" : 
		[
			1157.00993945601,
			0.0,
			0.0,
			0.0,
			1157.00993945601,
			0.0,
			1279.5,
			667.5,
			1.0
		],
		"width" : 2560
	},
	"version_major" : 1,
	"version_minor" : 0
}