{
	"class_name" : "PinholeCameraParameters",
	"extrinsic" : 
	[
		0.92768434082287388,
		-0.0096441714466287548,
		0.3732408789898799,
		0.0,
		0.012780021862178546,
		-0.99826032646697549,
		-0.057558593131259411,
		0.0,
		0.37314666665164303,
		0.058166232121013781,
		-0.92594722020621245,
		0.0,
		13.854192555826131,
		-39.316675377774864,
		25.940348622055133,
		1.0
	],
	"intrinsic" : 
	{
		"height" : 1377,
		"intrinsic_matrix" : 
		[
			1192.516981011172,
			0.0,
			0.0,
			0.0,
			1192.516981011172,
			0.0,
			1279.5,
			688.0,
			1.0
		],
		"width" : 2560
	},
	"version_major" : 1,
	"version_minor" : 0
}