{
	"class_name" : "PinholeCameraParameters",
	"extrinsic" : 
	[
		-0.96846589822444307,
		0.0025272953627779545,
		0.24913333127960238,
		0.0,
		0.0037951549262707704,
		-0.99968288781486381,
		0.024894188261924081,
		0.0,
		0.24911724303108451,
		0.025054671985156721,
		0.96814919440978098,
		0.0,
		8.178278499897143,
		-38.807551073061688,
		71.431141684666983,
		1.0
	],
	"intrinsic" : 
	{
		"height" : 1377,
		"intrinsic_matrix" : 
		[
			1192.516981011172,
			0.0,
			0.0,
			0.0,
			1192.516981011172,
			0.0,
			1279.5,
			688.0,
			1.0
		],
		"width" : 2560
	},
	"version_major" : 1,
	"version_minor" : 0
}