{
	"class_name" : "PinholeCameraParameters",
	"extrinsic" : 
	[
		-0.94308803169887512,
		0.035399763858712151,
		-0.33065362720691438,
		0.0,
		-0.040503372386683736,
		-0.99914277476595847,
		0.0085552591010912161,
		0.0,
		-0.33006732842201653,
		0.021460949460091354,
		0.9437134026581504,
		0.0,
		-6.9481447101780294,
		-38.946969072693818,
		71.601908403154596,
		1.0
	],
	"intrinsic" : 
	{
		"height" : 1377,
		"intrinsic_matrix" : 
		[
			1192.516981011172,
			0.0,
			0.0,
			0.0,
			1192.516981011172,
			0.0,
			1279.5,
			688.0,
			1.0
		],
		"width" : 2560
	},
	"version_major" : 1,
	"version_minor" : 0
}