{
	"class_name" : "PinholeCameraParameters",
	"extrinsic" : 
	[
		-0.92612587059430562,
		0.0052005013915494246,
		0.37717877273411871,
		0.0,
		0.0078744200910663299,
		-0.99942053454001856,
		0.033114779902227248,
		0.0,
		0.37713242412204351,
		0.033638518472430309,
		0.92554826170805982,
		0.0,
		11.182798035017482,
		-38.606134487104249,
		70.471158327675482,
		1.0
	],
	"intrinsic" : 
	{
		"height" : 1377,
		"intrinsic_matrix" : 
		[
			1192.516981011172,
			0.0,
			0.0,
			0.0,
			1192.516981011172,
			0.0,
			1279.5,
			688.0,
			1.0
		],
		"width" : 2560
	},
	"version_major" : 1,
	"version_minor" : 0
}