{
	"class_name" : "PinholeCameraParameters",
	"extrinsic" : 
	[
		-0.21800957911644192,
		0.060518010096874228,
		-0.97406847493766402,
		0.0,
		-0.020737836278941598,
		-0.99813746397240166,
		-0.057371989343324999,
		0.0,
		-0.97572627594010186,
		0.007692429307924329,
		0.21885854100629226,
		0.0,
		-22.741030098657259,
		-39.283675003099304,
		53.860787168532177,
		1.0
	],
	"intrinsic" : 
	{
		"height" : 1377,
		"intrinsic_matrix" : 
		[
			1192.516981011172,
			0.0,
			0.0,
			0.0,
			1192.516981011172,
			0.0,
			1279.5,
			688.0,
			1.0
		],
		"width" : 2560
	},
	"version_major" : 1,
	"version_minor" : 0
}