{
	"class_name" : "PinholeCameraParameters",
	"extrinsic" : 
	[
		0.44788484816291391,
		0.10177175146535049,
		-0.88828017730317421,
		0.0,
		0.037651556080464707,
		-0.99476616889941671,
		-0.094987523064331711,
		0.0,
		-0.89329811547478555,
		0.0090983414341438903,
		-0.44937255932282349,
		0.0,
		-20.126006801740093,
		-39.216477019204547,
		36.806127573862547,
		1.0
	],
	"intrinsic" : 
	{
		"height" : 1377,
		"intrinsic_matrix" : 
		[
			1192.516981011172,
			0.0,
			0.0,
			0.0,
			1192.516981011172,
			0.0,
			1279.5,
			688.0,
			1.0
		],
		"width" : 2560
	},
	"version_major" : 1,
	"version_minor" : 0
}