{
	"class_name" : "PinholeCameraParameters",
	"extrinsic" : 
	[
		-0.20467470505256591,
		-0.03664803424304168,
		0.97814374541667759,
		0.0,
		0.090462404788919523,
		-0.99573028851865764,
		-0.018377862943130065,
		0.0,
		0.97464086638692249,
		0.084723751762251692,
		0.20711607242287486,
		0.0,
		49.421171216226682,
		-37.878961464110688,
		77.14236497991368,
		1.0
	],
	"intrinsic" : 
	{
		"height" : 1377,
		"intrinsic_matrix" : 
		[
			1192.516981011172,
			0.0,
			0.0,
			0.0,
			1192.516981011172,
			0.0,
			1279.5,
			688.0,
			1.0
		],
		"width" : 2560
	},
	"version_major" : 1,
	"version_minor" : 0
}