{
	"class_name" : "PinholeCameraParameters",
	"extrinsic" : 
	[
		-0.39195196477969896,
		0.15993581378041574,
		-0.90597692728663348,
		0.0,
		0.070155494269101351,
		-0.97670926919265777,
		-0.20277379045873456,
		0.0,
		-0.9173068537458946,
		-0.14303684470632344,
		0.37160274101150997,
		0.0,
		-46.653132455299613,
		-34.031997977596454,
		19.469814242711809,
		1.0
	],
	"intrinsic" : 
	{
		"height" : 1377,
		"intrinsic_matrix" : 
		[
			1192.516981011172,
			0.0,
			0.0,
			0.0,
			1192.516981011172,
			0.0,
			1279.5,
			688.0,
			1.0
		],
		"width" : 2560
	},
	"version_major" : 1,
	"version_minor" : 0
}