{
	"class_name" : "PinholeCameraParameters",
	"extrinsic" : 
	[
		-0.98884194038335649,
		0.036178136392652514,
		-0.14450868273578962,
		0.0,
		-0.038476904250066502,
		-0.99917304546278807,
		0.01314355583351561,
		0.0,
		-0.14391367126930535,
		0.018557146002878777,
		0.98941623574409687,
		0.0,
		-2.4781699163023481,
		-39.016796741515982,
		72.391909157983335,
		1.0
	],
	"intrinsic" : 
	{
		"height" : 1377,
		"intrinsic_matrix" : 
		[
			1192.516981011172,
			0.0,
			0.0,
			0.0,
			1192.516981011172,
			0.0,
			1279.5,
			688.0,
			1.0
		],
		"width" : 2560
	},
	"version_major" : 1,
	"version_minor" : 0
}