{
	"class_name" : "PinholeCameraParameters",
	"extrinsic" : 
	[
		0.29148468113603304,
		0.093998663631929408,
		0.95194586605459697,
		0.0,
		0.10005496698017122,
		-0.99269740735183221,
		0.067385911135395077,
		0.0,
		0.95132837876604004,
		0.075604951374641488,
		-0.29876112043238839,
		0.0,
		25.129777818675073,
		-37.586882930723142,
		42.297524337870868,
		1.0
	],
	"intrinsic" : 
	{
		"height" : 1377,
		"intrinsic_matrix" : 
		[
			1192.516981011172,
			0.0,
			0.0,
			0.0,
			1192.516981011172,
			0.0,
			1279.5,
			688.0,
			1.0
		],
		"width" : 2560
	},
	"version_major" : 1,
	"version_minor" : 0
}