{
	"class_name" : "PinholeCameraParameters",
	"extrinsic" : 
	[
		-0.27495495707517609,
		0.052786514223088686,
		0.96000695596228036,
		0.0,
		0.058349414809477938,
		-0.99573510779664776,
		0.071462863730680809,
		0.0,
		0.95968490525337524,
		0.075664912722965813,
		0.27070224160772366,
		0.0,
		25.023883095346019,
		-37.607324169453975,
		55.536637426221176,
		1.0
	],
	"intrinsic" : 
	{
		"height" : 1377,
		"intrinsic_matrix" : 
		[
			1192.516981011172,
			0.0,
			0.0,
			0.0,
			1192.516981011172,
			0.0,
			1279.5,
			688.0,
			1.0
		],
		"width" : 2560
	},
	"version_major" : 1,
	"version_minor" : 0
}