{
	"class_name" : "PinholeCameraParameters",
	"extrinsic" : 
	[
		0.018873678995044139,
		0.99499598966555025,
		-0.098116078145553301,
		0.0,
		0.50511619670467356,
		-0.09417820626385312,
		-0.85789748413871036,
		0.0,
		-0.86284495250757409,
		-0.033368338502170428,
		-0.50436607926961841,
		0.0,
		-26.099397561951591,
		7.090696524695403,
		-36.165518040933478,
		1.0
	],
	"intrinsic" : 
	{
		"height" : 1377,
		"intrinsic_matrix" : 
		[
			1192.516981011172,
			0.0,
			0.0,
			0.0,
			1192.516981011172,
			0.0,
			1279.5,
			688.0,
			1.0
		],
		"width" : 2560
	},
	"version_major" : 1,
	"version_minor" : 0
}