{
	"class_name" : "PinholeCameraParameters",
	"extrinsic" : 
	[
		-0.63124211926050167,
		0.026269611376431277,
		0.77514082229595038,
		0.0,
		0.031697267145714914,
		-0.99771742565887944,
		0.059625680642753365,
		0.0,
		0.77493784920276287,
		0.062208086731145362,
		0.62896858730643013,
		0.0,
		20.570672622731863,
		-37.931965461041692,
		63.749356142320224,
		1.0
	],
	"intrinsic" : 
	{
		"height" : 1377,
		"intrinsic_matrix" : 
		[
			1192.516981011172,
			0.0,
			0.0,
			0.0,
			1192.516981011172,
			0.0,
			1279.5,
			688.0,
			1.0
		],
		"width" : 2560
	},
	"version_major" : 1,
	"version_minor" : 0
}