{
	"class_name" : "PinholeCameraParameters",
	"extrinsic" : 
	[
		-0.19182624757594399,
		0.16291717665840885,
		-0.9678123187326072,
		0.0,
		-0.025756034016931759,
		-0.9866217900736387,
		-0.16097847701977916,
		0.0,
		-0.98109088134211675,
		-0.0059528901839119332,
		0.19345605611044331,
		0.0,
		-50.230331251682166,
		-26.769010416353321,
		8.7450587769423187,
		1.0
	],
	"intrinsic" : 
	{
		"height" : 1377,
		"intrinsic_matrix" : 
		[
			1192.516981011172,
			0.0,
			0.0,
			0.0,
			1192.516981011172,
			0.0,
			1279.5,
			688.0,
			1.0
		],
		"width" : 2560
	},
	"version_major" : 1,
	"version_minor" : 0
}