{
	"class_name" : "PinholeCameraParameters",
	"extrinsic" : 
	[
		0.48861836860017654,
		-0.035778748884129109,
		0.87176371282291198,
		0.0,
		0.060332527646324831,
		-0.99538165294682557,
		-0.074668273615042038,
		0.0,
		0.87040914286001592,
		0.089079998344924541,
		-0.48420313704122236,
		0.0,
		40.507170082277383,
		-37.66776783462273,
		43.456069615321667,
		1.0
	],
	"intrinsic" : 
	{
		"height" : 1377,
		"intrinsic_matrix" : 
		[
			1192.516981011172,
			0.0,
			0.0,
			0.0,
			1192.516981011172,
			0.0,
			1279.5,
			688.0,
			1.0
		],
		"width" : 2560
	},
	"version_major" : 1,
	"version_minor" : 0
}