{
	"class_name" : "PinholeCameraParameters",
	"extrinsic" : 
	[
		-0.85212126214160688,
		-0.055459615251418494,
		-0.52039752659131622,
		0.0,
		0.043032577879565867,
		-0.99842699786484834,
		0.035940606222287071,
		0.0,
		-0.52157219236385122,
		0.0082317076448954855,
		0.8531674437893273,
		0.0,
		-18.633610051876524,
		-41.428522315338043,
		115.28175987582748,
		1.0
	],
	"intrinsic" : 
	{
		"height" : 1377,
		"intrinsic_matrix" : 
		[
			1192.516981011172,
			0.0,
			0.0,
			0.0,
			1192.516981011172,
			0.0,
			1279.5,
			688.0,
			1.0
		],
		"width" : 2560
	},
	"version_major" : 1,
	"version_minor" : 0
}