{
	"class_name" : "PinholeCameraParameters",
	"extrinsic" : 
	[
		-0.9659770668509482,
		-0.12276534734295746,
		0.22763342419293775,
		0.0,
		0.038599060910293179,
		-0.93873451013287845,
		-0.34247281933378043,
		0.0,
		0.25573114557066062,
		-0.32203445309057804,
		0.91153463576968374,
		0.0,
		24.77116212526618,
		-63.629685323966697,
		43.309166568611815,
		1.0
	],
	"intrinsic" : 
	{
		"height" : 1377,
		"intrinsic_matrix" : 
		[
			1192.516981011172,
			0.0,
			0.0,
			0.0,
			1192.516981011172,
			0.0,
			1279.5,
			688.0,
			1.0
		],
		"width" : 2560
	},
	"version_major" : 1,
	"version_minor" : 0
}