{
	"class_name" : "PinholeCameraParameters",
	"extrinsic" : 
	[
		0.11201735373590543,
		0.087273015467483603,
		-0.98986642191419827,
		0.0,
		0.0041448753313245565,
		-0.99616822135965599,
		-0.087359571665773975,
		0.0,
		-0.99369760615113334,
		0.0056829151280035203,
		-0.11194986380141381,
		0.0,
		-22.957700655613941,
		-39.315839816948206,
		45.108477530223922,
		1.0
	],
	"intrinsic" : 
	{
		"height" : 1377,
		"intrinsic_matrix" : 
		[
			1192.516981011172,
			0.0,
			0.0,
			0.0,
			1192.516981011172,
			0.0,
			1279.5,
			688.0,
			1.0
		],
		"width" : 2560
	},
	"version_major" : 1,
	"version_minor" : 0
}