{
	"class_name" : "PinholeCameraParameters",
	"extrinsic" : 
	[
		0.63142229722061571,
		0.09912526423254793,
		0.76907741129451213,
		0.0,
		0.11913000645260748,
		-0.99242216555410123,
		0.030104598976070214,
		0.0,
		0.76623359632375954,
		0.072611481927694232,
		-0.63844627695446865,
		0.0,
		20.816974446129731,
		-37.6570611645136,
		33.450364235691282,
		1.0
	],
	"intrinsic" : 
	{
		"height" : 1377,
		"intrinsic_matrix" : 
		[
			1192.516981011172,
			0.0,
			0.0,
			0.0,
			1192.516981011172,
			0.0,
			1279.5,
			688.0,
			1.0
		],
		"width" : 2560
	},
	"version_major" : 1,
	"version_minor" : 0
}