{
	"class_name" : "PinholeCameraParameters",
	"extrinsic" : 
	[
		-0.54604703014781886,
		-0.055891135804501363,
		0.8358880438223949,
		0.0,
		0.094696493609134152,
		-0.99549508401530096,
		-0.0047023185243312525,
		0.0,
		0.83238525633559979,
		0.076587979734758921,
		0.5488798287378267,
		0.0,
		44.472226801881909,
		-38.16344596244204,
		94.0029898443712,
		1.0
	],
	"intrinsic" : 
	{
		"height" : 1377,
		"intrinsic_matrix" : 
		[
			1192.516981011172,
			0.0,
			0.0,
			0.0,
			1192.516981011172,
			0.0,
			1279.5,
			688.0,
			1.0
		],
		"width" : 2560
	},
	"version_major" : 1,
	"version_minor" : 0
}