{
	"class_name" : "PinholeCameraParameters",
	"extrinsic" : 
	[
		0.68294541727472846,
		0.013164773442964909,
		-0.73035076898956064,
		0.0,
		0.022132695884510771,
		-0.99975146233348156,
		0.0026753195975571719,
		0.0,
		-0.73013402933730664,
		-0.017991728717961467,
		-0.68306705154136105,
		0.0,
		-35.421056257212769,
		-42.971692815858965,
		44.181656192666452,
		1.0
	],
	"intrinsic" : 
	{
		"height" : 1377,
		"intrinsic_matrix" : 
		[
			1192.516981011172,
			0.0,
			0.0,
			0.0,
			1192.516981011172,
			0.0,
			1279.5,
			688.0,
			1.0
		],
		"width" : 2560
	},
	"version_major" : 1,
	"version_minor" : 0
}