{
	"class_name" : "PinholeCameraParameters",
	"extrinsic" : 
	[
		0.36919066247938692,
		0.43198909623652193,
		-0.82285094365309241,
		0.0,
		0.17640203404476287,
		-0.90187872529120661,
		-0.39433118980367105,
		0.0,
		-0.91245853446767755,
		0.00043081302384412323,
		-0.40916895932760677,
		0.0,
		-20.817787147519503,
		-21.272330403518275,
		-17.815507931826247,
		1.0
	],
	"intrinsic" : 
	{
		"height" : 1377,
		"intrinsic_matrix" : 
		[
			1192.516981011172,
			0.0,
			0.0,
			0.0,
			1192.516981011172,
			0.0,
			1279.5,
			688.0,
			1.0
		],
		"width" : 2560
	},
	"version_major" : 1,
	"version_minor" : 0
}