{
	"class_name" : "PinholeCameraParameters",
	"extrinsic" : 
	[
		0.89244711486995043,
		0.22958538479914803,
		-0.38836670589396421,
		0.0,
		0.1710292049526746,
		-0.96874653507410502,
		-0.17966402487746913,
		0.0,
		-0.41747713495897926,
		0.093918591708686397,
		-0.90382085609809837,
		0.0,
		2.5235634039080566,
		-23.958779281338149,
		-19.678418883046216,
		1.0
	],
	"intrinsic" : 
	{
		"height" : 1377,
		"intrinsic_matrix" : 
		[
			1192.516981011172,
			0.0,
			0.0,
			0.0,
			1192.516981011172,
			0.0,
			1279.5,
			688.0,
			1.0
		],
		"width" : 2560
	},
	"version_major" : 1,
	"version_minor" : 0
}