{
	"class_name" : "PinholeCameraParameters",
	"extrinsic" : 
	[
		0.02384247816704365,
		0.99968223672611489,
		-0.0081830195604222864,
		0.0,
		-0.76035752366832243,
		0.012819006159146412,
		-0.64937824823600954,
		0.0,
		-0.64906700149971475,
		0.021704807194812242,
		0.76042154684675101,
		0.0,
		-53.828184934483737,
		13.389292624279619,
		38.35435550779836,
		1.0
	],
	"intrinsic" : 
	{
		"height" : 1377,
		"intrinsic_matrix" : 
		[
			1192.516981011172,
			0.0,
			0.0,
			0.0,
			1192.516981011172,
			0.0,
			1279.5,
			688.0,
			1.0
		],
		"width" : 2560
	},
	"version_major" : 1,
	"version_minor" : 0
}