{
	"class_name" : "PinholeCameraParameters",
	"extrinsic" : 
	[
		0.61216978171422831,
		0.015519937411615149,
		-0.79057402556540757,
		0.0,
		0.022258505314590348,
		-0.99974939022888298,
		-0.0023907484470959686,
		0.0,
		-0.79041300425607519,
		-0.016133452194632338,
		-0.61236181659470668,
		0.0,
		-37.892863460910768,
		-42.895955894622162,
		47.464362398575808,
		1.0
	],
	"intrinsic" : 
	{
		"height" : 1377,
		"intrinsic_matrix" : 
		[
			1192.516981011172,
			0.0,
			0.0,
			0.0,
			1192.516981011172,
			0.0,
			1279.5,
			688.0,
			1.0
		],
		"width" : 2560
	},
	"version_major" : 1,
	"version_minor" : 0
}