{
	"class_name" : "PinholeCameraParameters",
	"extrinsic" : 
	[
		0.0025219865393394424,
		0.99990745183279073,
		-0.013368894986153384,
		0.0,
		-0.012704930552553595,
		-0.013335819574332074,
		-0.99983035593841407,
		0.0,
		-0.99991610864289526,
		0.002691409581663104,
		0.012670121977058909,
		0.0,
		-50.260298483304425,
		10.420018247928015,
		-6.0889515622154331,
		1.0
	],
	"intrinsic" : 
	{
		"height" : 1377,
		"intrinsic_matrix" : 
		[
			1192.516981011172,
			0.0,
			0.0,
			0.0,
			1192.516981011172,
			0.0,
			1279.5,
			688.0,
			1.0
		],
		"width" : 2560
	},
	"version_major" : 1,
	"version_minor" : 0
}