{
	"class_name" : "PinholeCameraParameters",
	"extrinsic" : 
	[
		0.032836668165228081,
		0.9991204296942735,
		0.026079114082674899,
		0.0,
		-0.60958812105470572,
		0.040698767367196229,
		-0.7916728699429989,
		0.0,
		-0.7920379257919411,
		0.01009838117330291,
		0.61038835736347274,
		0.0,
		-63.107396632418627,
		14.117573559085645,
		42.212501549378551,
		1.0
	],
	"intrinsic" : 
	{
		"height" : 1377,
		"intrinsic_matrix" : 
		[
			1192.516981011172,
			0.0,
			0.0,
			0.0,
			1192.516981011172,
			0.0,
			1279.5,
			688.0,
			1.0
		],
		"width" : 2560
	},
	"version_major" : 1,
	"version_minor" : 0
}