{
	"class_name" : "PinholeCameraParameters",
	"extrinsic" : 
	[
		-0.64587688565573143,
		0.035665952818042294,
		-0.76260801751963947,
		0.0,
		-0.036739673832989719,
		-0.99920286447633899,
		-0.015615120522254913,
		0.0,
		-0.76255704373004052,
		0.017932524414041556,
		0.64667238971974128,
		0.0,
		-17.452719347272115,
		-39.031121719751773,
		64.843324725976601,
		1.0
	],
	"intrinsic" : 
	{
		"height" : 1377,
		"intrinsic_matrix" : 
		[
			1192.516981011172,
			0.0,
			0.0,
			0.0,
			1192.516981011172,
			0.0,
			1279.5,
			688.0,
			1.0
		],
		"width" : 2560
	},
	"version_major" : 1,
	"version_minor" : 0
}