{
	"class_name" : "PinholeCameraParameters",
	"extrinsic" : 
	[
		0.80046439852074358,
		-0.10553598256845625,
		0.59001601934535197,
		0.0,
		0.59921889812422902,
		0.16374694402174919,
		-0.78366041781777074,
		0.0,
		-0.013908947897273233,
		0.98084101398078205,
		0.19431275424310754,
		0.0,
		22.031590838280273,
		50.775874671158647,
		24.489717716558616,
		1.0
	],
	"intrinsic" : 
	{
		"height" : 1377,
		"intrinsic_matrix" : 
		[
			1192.516981011172,
			0.0,
			0.0,
			0.0,
			1192.516981011172,
			0.0,
			1279.5,
			688.0,
			1.0
		],
		"width" : 2560
	},
	"version_major" : 1,
	"version_minor" : 0
}