{
	"class_name" : "PinholeCameraParameters",
	"extrinsic" : 
	[
		0.86509432206494408,
		0.11438928376745244,
		-0.48839216382960537,
		0.0,
		0.086771130733711135,
		-0.99309888440034322,
		-0.078901056228590796,
		0.0,
		-0.49404714835953462,
		0.025878515451302049,
		-0.86904989364008833,
		0.0,
		-9.9988342071952641,
		-38.794811571014634,
		26.837885489579762,
		1.0
	],
	"intrinsic" : 
	{
		"height" : 1377,
		"intrinsic_matrix" : 
		[
			1192.516981011172,
			0.0,
			0.0,
			0.0,
			1192.516981011172,
			0.0,
			1279.5,
			688.0,
			1.0
		],
		"width" : 2560
	},
	"version_major" : 1,
	"version_minor" : 0
}