{
	"class_name" : "PinholeCameraParameters",
	"extrinsic" : 
	[
		0.89907885410144717,
		0.017854021617823616,
		-0.43742250515914144,
		0.0,
		0.020570713788861359,
		-0.99978731489309736,
		0.0014733339972451882,
		0.0,
		-0.43730316696983296,
		-0.010322736600387338,
		-0.89925490338792902,
		0.0,
		-22.926895212739765,
		-42.640265665764979,
		32.993290094056874,
		1.0
	],
	"intrinsic" : 
	{
		"height" : 1377,
		"intrinsic_matrix" : 
		[
			1192.516981011172,
			0.0,
			0.0,
			0.0,
			1192.516981011172,
			0.0,
			1279.5,
			688.0,
			1.0
		],
		"width" : 2560
	},
	"version_major" : 1,
	"version_minor" : 0
}