{
	"class_name" : "PinholeCameraParameters",
	"extrinsic" : 
	[
		0.53730214176355606,
		0.096767291414505546,
		0.83782008794764262,
		0.0,
		0.11506894872161391,
		-0.99251762874550831,
		0.040839853935783071,
		0.0,
		0.83550316905227717,
		0.074463735748978327,
		-0.54441675815675283,
		0.0,
		22.47364487959177,
		-37.612621940801155,
		35.872716404237607,
		1.0
	],
	"intrinsic" : 
	{
		"height" : 1377,
		"intrinsic_matrix" : 
		[
			1192.516981011172,
			0.0,
			0.0,
			0.0,
			1192.516981011172,
			0.0,
			1279.5,
			688.0,
			1.0
		],
		"width" : 2560
	},
	"version_major" : 1,
	"version_minor" : 0
}