{
	"class_name" : "PinholeCameraParameters",
	"extrinsic" : 
	[
		0.98372122869214407,
		0.017854021617823658,
		-0.17881213083146458,
		0.0,
		0.019411662920987817,
		-0.99978731489309736,
		0.0069650787140303093,
		0.0,
		-0.17864974548837306,
		-0.010322736600387357,
		-0.98385858208688648,
		0.0,
		-11.443665491905463,
		-42.640265665764993,
		28.272351503225675,
		1.0
	],
	"intrinsic" : 
	{
		"height" : 1377,
		"intrinsic_matrix" : 
		[
			1192.516981011172,
			0.0,
			0.0,
			0.0,
			1192.516981011172,
			0.0,
			1279.5,
			688.0,
			1.0
		],
		"width" : 2560
	},
	"version_major" : 1,
	"version_minor" : 0
}