{
	"class_name" : "PinholeCameraParameters",
	"extrinsic" : 
	[
		-0.86268198835447274,
		-0.061692109789245567,
		0.50196998969911066,
		0.0,
		0.090390242325722153,
		-0.99535905785508683,
		0.033014391379082693,
		0.0,
		0.49760364856085093,
		0.07385410980836267,
		0.86425469591049586,
		0.0,
		30.218314153809761,
		-38.259384494605001,
		111.45366947842618,
		1.0
	],
	"intrinsic" : 
	{
		"height" : 1377,
		"intrinsic_matrix" : 
		[
			1192.516981011172,
			0.0,
			0.0,
			0.0,
			1192.516981011172,
			0.0,
			1279.5,
			688.0,
			1.0
		],
		"width" : 2560
	},
	"version_major" : 1,
	"version_minor" : 0
}