{
	"class_name" : "PinholeCameraParameters",
	"extrinsic" : 
	[
		0.12750350162750487,
		-0.012931812422071771,
		-0.99175381284883657,
		0.0,
		0.023529284975935174,
		-0.99959415737470447,
		0.016059056350730946,
		0.0,
		-0.99155898958218625,
		-0.025382844006042172,
		-0.12714747897193571,
		0.0,
		-45.080969338907174,
		-43.197002245441588,
		71.358096958405042,
		1.0
	],
	"intrinsic" : 
	{
		"height" : 1377,
		"intrinsic_matrix" : 
		[
			1192.516981011172,
			0.0,
			0.0,
			0.0,
			1192.516981011172,
			0.0,
			1279.5,
			688.0,
			1.0
		],
		"width" : 2560
	},
	"version_major" : 1,
	"version_minor" : 0
}