{
	"class_name" : "PinholeCameraParameters",
	"extrinsic" : 
	[
		0.99127664395865123,
		0.11920383995657385,
		-0.05622330194573498,
		0.0,
		0.11683123718719626,
		-0.99218715590584572,
		-0.043761966052479409,
		0.0,
		-0.06100063245067916,
		0.036811576916464694,
		-0.99745868618481659,
		0.0,
		0.84576174688355565,
		-38.518867414064253,
		24.242675295145872,
		1.0
	],
	"intrinsic" : 
	{
		"height" : 1377,
		"intrinsic_matrix" : 
		[
			1192.516981011172,
			0.0,
			0.0,
			0.0,
			1192.516981011172,
			0.0,
			1279.5,
			688.0,
			1.0
		],
		"width" : 2560
	},
	"version_major" : 1,
	"version_minor" : 0
}