{
	"class_name" : "PinholeCameraParameters",
	"extrinsic" : 
	[
		0.92482861028221286,
		0.0052294955223103172,
		-0.38034812209350133,
		0.0,
		-0.018525239573013556,
		-0.99809977400288874,
		-0.05876781971576913,
		0.0,
		-0.37993270075400626,
		0.061396201119978316,
		-0.92297434925668542,
		0.0,
		-20.491649518439278,
		-40.273771907476188,
		30.482079129678329,
		1.0
	],
	"intrinsic" : 
	{
		"height" : 1377,
		"intrinsic_matrix" : 
		[
			1192.516981011172,
			0.0,
			0.0,
			0.0,
			1192.516981011172,
			0.0,
			1279.5,
			688.0,
			1.0
		],
		"width" : 2560
	},
	"version_major" : 1,
	"version_minor" : 0
}