{
	"class_name" : "PinholeCameraParameters",
	"extrinsic" : 
	[
		-0.99971333026243969,
		0.0028231590900022873,
		0.023775766408990848,
		0.0,
		-0.0021545979694627205,
		-0.99960284402424893,
		0.028098254860810884,
		0.0,
		0.023845649564906955,
		0.028038972723436792,
		0.99932237091213072,
		0.0,
		2.8368491399728502,
		-38.736461572851027,
		72.809321479895743,
		1.0
	],
	"intrinsic" : 
	{
		"height" : 1377,
		"intrinsic_matrix" : 
		[
			1192.516981011172,
			0.0,
			0.0,
			0.0,
			1192.516981011172,
			0.0,
			1279.5,
			688.0,
			1.0
		],
		"width" : 2560
	},
	"version_major" : 1,
	"version_minor" : 0
}