{
	"class_name" : "PinholeCameraParameters",
	"extrinsic" : 
	[
		-0.75845148065655477,
		0.038051718432462703,
		-0.65061772048893385,
		0.0,
		-0.039358032598050881,
		-0.99914630251654324,
		-0.012554339390474675,
		0.0,
		-0.65054000396585199,
		0.01608517615250259,
		0.7593016333106708,
		0.0,
		-14.71221891015697,
		-39.077046425482578,
		67.288503049947067,
		1.0
	],
	"intrinsic" : 
	{
		"height" : 1377,
		"intrinsic_matrix" : 
		[
			1192.516981011172,
			0.0,
			0.0,
			0.0,
			1192.516981011172,
			0.0,
			1279.5,
			688.0,
			1.0
		],
		"width" : 2560
	},
	"version_major" : 1,
	"version_minor" : 0
}