{
	"class_name" : "PinholeCameraParameters",
	"extrinsic" : 
	[
		0.73883739216870858,
		-0.016755442438511708,
		0.6736754137431703,
		0.0,
		0.0379831201146009,
		-0.99706615134035381,
		-0.066455793108611327,
		0.0,
		0.67281244824966024,
		0.074688319033329925,
		-0.73603333109328273,
		0.0,
		29.458474429527222,
		-38.478165012600087,
		33.050837080309883,
		1.0
	],
	"intrinsic" : 
	{
		"height" : 1377,
		"intrinsic_matrix" : 
		[
			1192.516981011172,
			0.0,
			0.0,
			0.0,
			1192.516981011172,
			0.0,
			1279.5,
			688.0,
			1.0
		],
		"width" : 2560
	},
	"version_major" : 1,
	"version_minor" : 0
}