{
	"class_name" : "PinholeCameraParameters",
	"extrinsic" : 
	[
		0.98827185473280255,
		0.11886287106376145,
		0.095866360238960599,
		0.0,
		0.12208339106512937,
		-0.99211235269926601,
		-0.028438095005922585,
		0.0,
		0.091729966581402589,
		0.03980825924361435,
		-0.99498789727662929,
		0.0,
		4.5725826609020892,
		-38.44618775668858,
		24.542062064176019,
		1.0
	],
	"intrinsic" : 
	{
		"height" : 1377,
		"intrinsic_matrix" : 
		[
			1192.516981011172,
			0.0,
			0.0,
			0.0,
			1192.516981011172,
			0.0,
			1279.5,
			688.0,
			1.0
		],
		"width" : 2560
	},
	"version_major" : 1,
	"version_minor" : 0
}