{
	"class_name" : "PinholeCameraParameters",
	"extrinsic" : 
	[
		-0.96688235112058118,
		-0.065753185556403998,
		-0.24660705115775242,
		0.0,
		0.055491964416087051,
		-0.99728832566205106,
		0.048338777223125066,
		0.0,
		-0.24911676173389244,
		0.033053200864187011,
		0.96790925449437193,
		0.0,
		-5.1211104320858674,
		-40.198008514858572,
		119.94570543260483,
		1.0
	],
	"intrinsic" : 
	{
		"height" : 1377,
		"intrinsic_matrix" : 
		[
			1192.516981011172,
			0.0,
			0.0,
			0.0,
			1192.516981011172,
			0.0,
			1279.5,
			688.0,
			1.0
		],
		"width" : 2560
	},
	"version_major" : 1,
	"version_minor" : 0
}