{
	"class_name" : "PinholeCameraParameters",
	"extrinsic" : 
	[
		-0.6824620871632836,
		-0.063007039657590469,
		0.7282002557939139,
		0.0,
		0.094956074482252448,
		-0.99547735820883076,
		0.0028588830840540064,
		0.0,
		0.72472673712486679,
		0.071098117043661466,
		0.68535845675762275,
		0.0,
		40.100295464621205,
		-38.385538083940581,
		101.03418857604933,
		1.0
	],
	"intrinsic" : 
	{
		"height" : 1377,
		"intrinsic_matrix" : 
		[
			1192.516981011172,
			0.0,
			0.0,
			0.0,
			1192.516981011172,
			0.0,
			1279.5,
			688.0,
			1.0
		],
		"width" : 2560
	},
	"version_major" : 1,
	"version_minor" : 0
}