{
	"class_name" : "PinholeCameraParameters",
	"extrinsic" : 
	[
		0.99837184808967661,
		0.017745406335817521,
		0.05421027112992996,
		0.0,
		0.017321622142799017,
		-0.9998157066616068,
		0.0082773256003452235,
		0.0,
		0.054347165044240198,
		-0.0073248390240853193,
		-0.99849523403215379,
		0.0,
		-0.88962737606105968,
		-42.503308619961679,
		26.694770639832356,
		1.0
	],
	"intrinsic" : 
	{
		"height" : 1377,
		"intrinsic_matrix" : 
		[
			1192.516981011172,
			0.0,
			0.0,
			0.0,
			1192.516981011172,
			0.0,
			1279.5,
			688.0,
			1.0
		],
		"width" : 2560
	},
	"version_major" : 1,
	"version_minor" : 0
}