{
	"class_name" : "PinholeCameraParameters",
	"extrinsic" : 
	[
		0.84936448777750373,
		0.11090993509666845,
		0.51602224099287775,
		0.0,
		0.1255002503349722,
		-0.99207125399369911,
		0.0066568885546290299,
		0.0,
		0.5126691467879827,
		0.059106795685625095,
		-0.85654931710641136,
		0.0,
		14.718534061133854,
		-37.981822655841363,
		28.111122285920462,
		1.0
	],
	"intrinsic" : 
	{
		"height" : 1377,
		"intrinsic_matrix" : 
		[
			1192.516981011172,
			0.0,
			0.0,
			0.0,
			1192.516981011172,
			0.0,
			1279.5,
			688.0,
			1.0
		],
		"width" : 2560
	},
	"version_major" : 1,
	"version_minor" : 0
}