{
	"class_name" : "PinholeCameraParameters",
	"extrinsic" : 
	[
		-0.76759172386747998,
		0.015526244913814977,
		0.64075102900348657,
		0.0,
		0.021295118887024126,
		-0.99853682096332741,
		0.049706489435882462,
		0.0,
		0.6405852506589097,
		0.051799159253101981,
		0.76613796651708488,
		0.0,
		17.394506259525677,
		-38.178142805083567,
		66.832566596555935,
		1.0
	],
	"intrinsic" : 
	{
		"height" : 1377,
		"intrinsic_matrix" : 
		[
			1192.516981011172,
			0.0,
			0.0,
			0.0,
			1192.516981011172,
			0.0,
			1279.5,
			688.0,
			1.0
		],
		"width" : 2560
	},
	"version_major" : 1,
	"version_minor" : 0
}