{
	"class_name" : "PinholeCameraParameters",
	"extrinsic" : 
	[
		-0.75498301984763705,
		-0.043086733051621931,
		-0.65432726763958171,
		0.0,
		0.038257522215134343,
		-0.99903351396192808,
		0.021642550100222303,
		0.0,
		-0.65462737624980283,
		-0.0086931821458198361,
		0.75590173094687296,
		0.0,
		-25.346771394994043,
		-42.2824818412059,
		110.7640668472127,
		1.0
	],
	"intrinsic" : 
	{
		"height" : 1377,
		"intrinsic_matrix" : 
		[
			1192.516981011172,
			0.0,
			0.0,
			0.0,
			1192.516981011172,
			0.0,
			1279.5,
			688.0,
			1.0
		],
		"width" : 2560
	},
	"version_major" : 1,
	"version_minor" : 0
}