{
	"class_name" : "PinholeCameraParameters",
	"extrinsic" : 
	[
		0.97372792840080746,
		-0.0099095913469573783,
		0.22749883835221746,
		0.0,
		0.0035811404826636768,
		-0.99826271232562358,
		-0.058810990581122533,
		0.0,
		0.22768640030778184,
		0.058080609325537907,
		-0.9720007952338614,
		0.0,
		6.5955805399204843,
		-39.319614748102381,
		24.372952336584213,
		1.0
	],
	"intrinsic" : 
	{
		"height" : 1377,
		"intrinsic_matrix" : 
		[
			1192.516981011172,
			0.0,
			0.0,
			0.0,
			1192.516981011172,
			0.0,
			1279.5,
			688.0,
			1.0
		],
		"width" : 2560
	},
	"version_major" : 1,
	"version_minor" : 0
}