{
	"class_name" : "PinholeCameraParameters",
	"extrinsic" : 
	[
		-0.97101940771404349,
		-0.066086528623305857,
		0.22968212942497132,
		0.0,
		0.078660484160331598,
		-0.99583881546605835,
		0.046017190731510671,
		0.0,
		0.22568526330784319,
		0.06275049279231984,
		0.97217721511049138,
		0.0,
		17.680807538083982,
		-38.771500060773825,
		118.08075542693535,
		1.0
	],
	"intrinsic" : 
	{
		"height" : 1377,
		"intrinsic_matrix" : 
		[
			1192.516981011172,
			0.0,
			0.0,
			0.0,
			1192.516981011172,
			0.0,
			1279.5,
			688.0,
			1.0
		],
		"width" : 2560
	},
	"version_major" : 1,
	"version_minor" : 0
}