{
	"class_name" : "PinholeCameraParameters",
	"extrinsic" : 
	[
		-0.99917930362969176,
		0.035488246759256471,
		-0.019526995161533823,
		0.0,
		-0.036061832962631477,
		-0.99890363273066596,
		0.029850908208194568,
		0.0,
		-0.018446230006689952,
		0.030530588913955041,
		0.99936360737176511,
		0.0,
		0.52725199874989426,
		-38.729157542723911,
		72.982106050447143,
		1.0
	],
	"intrinsic" : 
	{
		"height" : 1377,
		"intrinsic_matrix" : 
		[
			1192.516981011172,
			0.0,
			0.0,
			0.0,
			1192.516981011172,
			0.0,
			1279.5,
			688.0,
			1.0
		],
		"width" : 2560
	},
	"version_major" : 1,
	"version_minor" : 0
}