{
	"class_name" : "PinholeCameraParameters",
	"extrinsic" : 
	[
		-0.37231623342538583,
		0.049104679362603369,
		-0.92680599522911467,
		0.0,
		-0.028814206447020332,
		-0.998729559782219,
		-0.041340149056860793,
		0.0,
		-0.92765853838293444,
		0.01131357069677342,
		0.3732581402773783,
		0.0,
		-21.587286496677365,
		-39.196616906236599,
		57.931278186498965,
		1.0
	],
	"intrinsic" : 
	{
		"height" : 1377,
		"intrinsic_matrix" : 
		[
			1192.516981011172,
			0.0,
			0.0,
			0.0,
			1192.516981011172,
			0.0,
			1279.5,
			688.0,
			1.0
		],
		"width" : 2560
	},
	"version_major" : 1,
	"version_minor" : 0
}