{
	"class_name" : "PinholeCameraParameters",
	"extrinsic" : 
	[
		0.01857924627063786,
		0.99499598966555025,
		-0.098172257575586397,
		0.0,
		0.50254023509161383,
		-0.09417820626385312,
		-0.85940896992001936,
		0.0,
		-0.86435416567636247,
		-0.033368338502170414,
		-0.50177527864924165,
		0.0,
		-26.279277239177262,
		7.090696524695403,
		-36.086949969805723,
		1.0
	],
	"intrinsic" : 
	{
		"height" : 1377,
		"intrinsic_matrix" : 
		[
			1192.516981011172,
			0.0,
			0.0,
			0.0,
			1192.516981011172,
			0.0,
			1279.5,
			688.0,
			1.0
		],
		"width" : 2560
	},
	"version_major" : 1,
	"version_minor" : 0
}