{
	"class_name" : "PinholeCameraParameters",
	"extrinsic" : 
	[
		-0.99333801791466325,
		-0.067605253850152119,
		0.093322622215756934,
		0.0,
		0.072262940401833259,
		-0.99625563545018203,
		0.047463420422839735,
		0.0,
		0.089764411711153624,
		0.053890987053594012,
		0.99450395268422132,
		0.0,
		11.260104157863875,
		-39.189738950995149,
		119.72926478556363,
		1.0
	],
	"intrinsic" : 
	{
		"height" : 1377,
		"intrinsic_matrix" : 
		[
			1192.516981011172,
			0.0,
			0.0,
			0.0,
			1192.516981011172,
			0.0,
			1279.5,
			688.0,
			1.0
		],
		"width" : 2560
	},
	"version_major" : 1,
	"version_minor" : 0
}