{
	"class_name" : "PinholeCameraParameters",
	"extrinsic" : 
	[
		0.99553772141174746,
		0.017854021617823679,
		-0.092660019201251886,
		0.0,
		0.018733048091545638,
		-0.99978731489309736,
		0.0086254210361309605,
		0.0,
		-0.092486313341520549,
		-0.010322736600387364,
		-0.99566044561063749,
		0.0,
		-7.5631340644951575,
		-42.640265665764993,
		27.445033826056566,
		1.0
	],
	"intrinsic" : 
	{
		"height" : 1377,
		"intrinsic_matrix" : 
		[
			1192.516981011172,
			0.0,
			0.0,
			0.0,
			1192.516981011172,
			0.0,
			1279.5,
			688.0,
			1.0
		],
		"width" : 2560
	},
	"version_major" : 1,
	"version_minor" : 0
}