{
	"class_name" : "PinholeCameraParameters",
	"extrinsic" : 
	[
		-0.090290915733939769,
		0.027085393603344055,
		0.99554705162000179,
		0.0,
		-0.023485247136542608,
		-0.99941003315338173,
		0.025060502774124138,
		0.0,
		0.99563848544683231,
		-0.021117932799123478,
		0.090873754249671007,
		0.0,
		34.243302922087238,
		-26.978227821473148,
		19.707453677482338,
		1.0
	],
	"intrinsic" : 
	{
		"height" : 1377,
		"intrinsic_matrix" : 
		[
			1192.516981011172,
			0.0,
			0.0,
			0.0,
			1192.516981011172,
			0.0,
			1279.5,
			688.0,
			1.0
		],
		"width" : 2560
	},
	"version_major" : 1,
	"version_minor" : 0
}