{
	"class_name" : "PinholeCameraParameters",
	"extrinsic" : 
	[
		-0.11361676933615586,
		0.067439341582204326,
		0.99123315366899101,
		0.0,
		0.07064491922892259,
		-0.99461984079162613,
		0.075767194027357598,
		0.0,
		0.99100985116836948,
		0.078634009885030137,
		0.10824124618945971,
		0.0,
		25.845671668341097,
		-37.529889312327761,
		51.895453961240449,
		1.0
	],
	"intrinsic" : 
	{
		"height" : 1377,
		"intrinsic_matrix" : 
		[
			1192.516981011172,
			0.0,
			0.0,
			0.0,
			1192.516981011172,
			0.0,
			1279.5,
			688.0,
			1.0
		],
		"width" : 2560
	},
	"version_major" : 1,
	"version_minor" : 0
}