{
	"class_name" : "PinholeCameraParameters",
	"extrinsic" : 
	[
		0.018873678995044142,
		0.99499598966555036,
		-0.098116078145553301,
		0.0,
		0.50511619670467345,
		-0.094178206263853134,
		-0.85789748413871036,
		0.0,
		-0.86284495250757398,
		-0.033368338502170428,
		-0.50436607926961841,
		0.0,
		-26.099397561951591,
		7.0906965246954012,
		-36.165518040933478,
		1.0
	],
	"intrinsic" : 
	{
		"height" : 1377,
		"intrinsic_matrix" : 
		[
			1192.516981011172,
			0.0,
			0.0,
			0.0,
			1192.516981011172,
			0.0,
			1279.5,
			688.0,
			1.0
		],
		"width" : 2560
	},
	"version_major" : 1,
	"version_minor" : 0
}