{
	"class_name" : "PinholeCameraParameters",
	"extrinsic" : 
	[
		0.7280585054914811,
		0.10575261278693598,
		-0.67730879033882874,
		0.0,
		0.06803457642908034,
		-0.99429804602855987,
		-0.082113896959672708,
		0.0,
		-0.68213056594146759,
		0.013703304438145783,
		-0.73110198362188072,
		0.0,
		-14.737475129850848,
		-39.101573735526969,
		30.332611285250564,
		1.0
	],
	"intrinsic" : 
	{
		"height" : 1377,
		"intrinsic_matrix" : 
		[
			1192.516981011172,
			0.0,
			0.0,
			0.0,
			1192.516981011172,
			0.0,
			1279.5,
			688.0,
			1.0
		],
		"width" : 2560
	},
	"version_major" : 1,
	"version_minor" : 0
}