{
	"class_name" : "PinholeCameraParameters",
	"extrinsic" : 
	[
		0.96337603808587502,
		-0.082528160401514256,
		0.25513861327267723,
		0.0,
		0.26696544719244569,
		0.20569195869974005,
		-0.94149894749362417,
		0.0,
		0.025220215052618188,
		0.97513071988682953,
		0.22019087148583916,
		0.0,
		20.02352524321504,
		48.216271708310053,
		13.605390397546712,
		1.0
	],
	"intrinsic" : 
	{
		"height" : 1377,
		"intrinsic_matrix" : 
		[
			1192.516981011172,
			0.0,
			0.0,
			0.0,
			1192.516981011172,
			0.0,
			1279.5,
			688.0,
			1.0
		],
		"width" : 2560
	},
	"version_major" : 1,
	"version_minor" : 0
}