{
	"class_name" : "PinholeCameraParameters",
	"extrinsic" : 
	[
		0.22081987523068644,
		-0.021772917295105856,
		0.97507154751616287,
		0.0,
		0.077023056644879781,
		-0.99623905841673788,
		-0.039688628472290363,
		0.0,
		0.97226849761173673,
		0.083867029024476236,
		-0.21831236793737535,
		0.0,
		46.992505931166498,
		-38.001048741591333,
		56.716291328740397,
		1.0
	],
	"intrinsic" : 
	{
		"height" : 1377,
		"intrinsic_matrix" : 
		[
			1192.516981011172,
			0.0,
			0.0,
			0.0,
			1192.516981011172,
			0.0,
			1279.5,
			688.0,
			1.0
		],
		"width" : 2560
	},
	"version_major" : 1,
	"version_minor" : 0
}