{
	"class_name" : "PinholeCameraParameters",
	"extrinsic" : 
	[
		0.83341365469758366,
		-0.029703048793443824,
		-0.55185089386173058,
		0.0,
		-0.022334789328127921,
		-0.99954907850699759,
		0.020069799238659043,
		0.0,
		-0.55219818665881626,
		-0.0044009712775967998,
		-0.83370126190532368,
		0.0,
		-29.426205818364416,
		-41.252737032886451,
		96.261385449572145,
		1.0
	],
	"intrinsic" : 
	{
		"height" : 1377,
		"intrinsic_matrix" : 
		[
			1192.516981011172,
			0.0,
			0.0,
			0.0,
			1192.516981011172,
			0.0,
			1279.5,
			688.0,
			1.0
		],
		"width" : 2560
	},
	"version_major" : 1,
	"version_minor" : 0
}