{
	"class_name" : "PinholeCameraParameters",
	"extrinsic" : 
	[
		-0.28219544085008769,
		-0.024779344289434117,
		-0.95903686960408907,
		0.0,
		0.029744665698307679,
		-0.99941175841382279,
		0.017070208161789165,
		0.0,
		-0.95889571279984398,
		-0.023709096161106259,
		0.28276649506846252,
		0.0,
		-41.630177923235252,
		-43.063606261579245,
		90.094694717447823,
		1.0
	],
	"intrinsic" : 
	{
		"height" : 1377,
		"intrinsic_matrix" : 
		[
			1192.516981011172,
			0.0,
			0.0,
			0.0,
			1192.516981011172,
			0.0,
			1279.5,
			688.0,
			1.0
		],
		"width" : 2560
	},
	"version_major" : 1,
	"version_minor" : 0
}