{
	"class_name" : "PinholeCameraParameters",
	"extrinsic" : 
	[
		0.81067438258547597,
		-0.016755442438511688,
		0.58525746519659805,
		0.0,
		0.030177011440493309,
		-0.99706615134035381,
		-0.070345133675721205,
		0.0,
		0.58471907220491603,
		0.074688319033329911,
		-0.80779035745656058,
		0.0,
		24.787256746121191,
		-38.478165012600094,
		29.955477402439371,
		1.0
	],
	"intrinsic" : 
	{
		"height" : 1377,
		"intrinsic_matrix" : 
		[
			1192.516981011172,
			0.0,
			0.0,
			0.0,
			1192.516981011172,
			0.0,
			1279.5,
			688.0,
			1.0
		],
		"width" : 2560
	},
	"version_major" : 1,
	"version_minor" : 0
}