{
	"class_name" : "PinholeCameraParameters",
	"extrinsic" : 
	[
		0.074614604758905329,
		0.99368845889522384,
		0.083761013694363964,
		0.0,
		-0.33787227496191624,
		-0.053835702106235526,
		0.93965102191759897,
		0.0,
		0.93822970884998724,
		-0.098412213861714101,
		0.33172285057575496,
		0.0,
		39.784380853299709,
		4.9590277538288685,
		63.873297112035488,
		1.0
	],
	"intrinsic" : 
	{
		"height" : 1377,
		"intrinsic_matrix" : 
		[
			1192.516981011172,
			0.0,
			0.0,
			0.0,
			1192.516981011172,
			0.0,
			1279.5,
			688.0,
			1.0
		],
		"width" : 2560
	},
	"version_major" : 1,
	"version_minor" : 0
}