{
	"class_name" : "PinholeCameraParameters",
	"extrinsic" : 
	[
		-0.86563855003365775,
		-0.089012972062657819,
		0.49269320220619967,
		0.0,
		-0.06499820493300125,
		-0.95576118511995078,
		-0.28687242874419783,
		0.0,
		0.49643240632649488,
		-0.28035200698885637,
		0.82155804306586044,
		0.0,
		29.609721335747249,
		-63.627150410961896,
		45.072962108445225,
		1.0
	],
	"intrinsic" : 
	{
		"height" : 1377,
		"intrinsic_matrix" : 
		[
			1192.516981011172,
			0.0,
			0.0,
			0.0,
			1192.516981011172,
			0.0,
			1279.5,
			688.0,
			1.0
		],
		"width" : 2560
	},
	"version_major" : 1,
	"version_minor" : 0
}