{
	"class_name" : "PinholeCameraParameters",
	"extrinsic" : 
	[
		0.4500650197301167,
		0.015409247237613123,
		-0.89286282995480326,
		0.0,
		0.021187364177384191,
		-0.99975390816674836,
		-0.0065740934377175667,
		0.0,
		-0.89274440553528234,
		-0.015958640445948281,
		-0.45028074373725158,
		0.0,
		-41.970233375492406,
		-42.887660085693128,
		55.154860302880749,
		1.0
	],
	"intrinsic" : 
	{
		"height" : 1377,
		"intrinsic_matrix" : 
		[
			1192.516981011172,
			0.0,
			0.0,
			0.0,
			1192.516981011172,
			0.0,
			1279.5,
			688.0,
			1.0
		],
		"width" : 2560
	},
	"version_major" : 1,
	"version_minor" : 0
}