{
	"class_name" : "PinholeCameraParameters",
	"extrinsic" : 
	[
		0.72583554113455606,
		0.021217091209145493,
		-0.68754098224507976,
		0.0,
		-0.68276506299821593,
		0.14374847162686913,
		-0.71635762413335247,
		0.0,
		0.083633940328962458,
		0.98938678581511397,
		0.11882403830660508,
		0.0,
		-7.5522624156623115,
		48.267428039379432,
		7.3590388290134081,
		1.0
	],
	"intrinsic" : 
	{
		"height" : 1377,
		"intrinsic_matrix" : 
		[
			1192.516981011172,
			0.0,
			0.0,
			0.0,
			1192.516981011172,
			0.0,
			1279.5,
			688.0,
			1.0
		],
		"width" : 2560
	},
	"version_major" : 1,
	"version_minor" : 0
}